{"CHS17110289_024.jpg":"ĐOÀN NHẬT HÀO",
"CHS17110301_015.jpg":"Information Technology",
"CHS17110301_025.jpg":"02/10/1999",
"CHS17110301_029.jpg":"ĐOÀN QUỐC HUY",
"CHS17110301_033.jpg":"HCMUTE",
"CHS17110301_036.jpg":"BIDV",
"CHS17110301_043.jpg":"TRƯỜNG ĐẠI",
"CHS17110392_011.jpg":"Công nghệ thông tin",
"CHS17133006_037.jpg":"HCMUTE",
"CHS17133006_048.jpg":"BIDV",
"CHS18104004_021.jpg":"Industrial Engineering",
"CHS18104004_026.jpg":"Kỹ thuật công nghiệp",
"CHS18104004_033.jpg":"Thị Cảm Duy",
"CHS18104004_042.jpg":"TRƯỜNG ĐẠI HỌC SƯ",
"CHS18104057_020.jpg":"Nguyễn Văn",
"CHS18104061_025.jpg":"NGUYÊN HUỲNH THẢO VY",
"CHS18104061_028.jpg":"HCMUTE",
"CHS18104061_040.jpg":"TRƯỜNG ĐẠI",
"CHS18110257_016.jpg":"Information Technology",
"CHS18110257_019.jpg":"Công nghệ thông tin",
"CHS18110257_028.jpg":"Nguyễn Võ Chinh",
"CHS18110257_030.jpg":"HCMUTE",
"CHS18110283_07.jpg":"1800 9363 3725",
"CHS18110283_013.jpg":"Information Technology",
"CHS18110283_024.jpg":"Nguyễn Ngọc Trung Hiếu",
"CHS18110283_027.jpg":"HCMUTE",
"CHS18110303_016.jpg":"Information Technology",
"CHS18110303_019.jpg":"Công nghệ thông tin",
"CHS18110303_025.jpg":"Hồ Quốc Khánh",
"CHS18110311_020.jpg":"Nguyên",
"CHS18110353_015.jpg":"Information Technology",
"CHS18110353_018.jpg":"Công nghệ thông tin",
"CHS18110361_015.jpg":"Information Technology",
"CHS18110361_018.jpg":"Công nghệ thông tin",
"CHS18110361_026.jpg":"Tân",
"CHS18110361_027.jpg":"Nguyễn Văn",
"CHS18110368_010.jpg":"Information Technology",
"CHS18110368_013.jpg":"Công nghệ thông tin",
"CHS18110368_017.jpg":"02/02/2000",
"CHS18110368_022.jpg":"HCMUTE",
"CHS18110376_09.jpg":"1800 9364",
"CHS18110376_022.jpg":"Công nghệ thông tin",
"CHS18110376_029.jpg":"Tiến",
"CHS18110376_030.jpg":"Lưu Quang",
"CHS18110389_026.jpg":"NGUYÊN VĂN",
"CHS18110389_035.jpg":"BIDV",
"CHS18116176_06.jpg":"1800 9364 4177",
"CHS18116176_09.jpg":"364",
"CHS18116176_016.jpg":"Sông nghệ thực",
"CHS18116176_019.jpg":"Phạm Diễm Khanh",
"CHS18124152_09.jpg":"Industrial Management",
"CHS18124152_012.jpg":"Quản lý công nghiệp",
"CHS18124152_020.jpg":"Lê Yến Châu",
"CHS18125004_016.jpg":"Nguyễn",
"CHS18126088_025.jpg":"Thương mại điện tử",
"CHS18126088_035.jpg":"Từ Phi Yến",
"CHS18126088_039.jpg":"HCMUTE",
"CHS18143267_027.jpg":"Machine Menufacturing Technology",
"CHS18143267_031.jpg":"Công nghệ chế tạo máy",
"CHS18143267_042.jpg":"Lê Xuân Long",
"CHS18146374_015.jpg":"Mechatromecs Engineermg Technology",
"CHS18146374_017.jpg":"Công nghệ kỹ thuật cơ điện tử",
"CHS18146374_025.jpg":"Lê Bá Đức Thắng",
"CHS18146374_030.jpg":"HCMUTE",
"CHS18147083_03.jpg":"3853",
"CHS18147083_04.jpg":"1800 9367",
"CHS18147083_020.jpg":"Công nghệ kỹ thu",
"CHS18147083_022.jpg":"Nguyễn Trần Thế Hưng",
"CHS18147083_025.jpg":"HCMUTE",
"CHS18147083_027.jpg":"BIV",
"CHS18157042_029.jpg":"Châu Quang Thành",
"CHS19110039_024.jpg":"Information Technology",
"CHS19110039_041.jpg":"HỒ HUY LUẬT",
"CHS19110039_044.jpg":"HCMUTE",
"CHS19110340_021.jpg":"Information Technology",
"CHS19110340_027.jpg":"Công nghệ thông tin",
"CHS19110340_036.jpg":"VÕ TRƯỜNG DUY",
"CHS19110340_038.jpg":"HCMUTE",
"CHS19110419_016.jpg":"Information Technology",
"CHS19110419_019.jpg":"Công nghệ thông tin",
"CHS19110419_023.jpg":"HUỲNH CAO THẢO NHI",
"CHS19110419_028.jpg":"BIDV",
"CHS19110419_031.jpg":"SƯ PHAM KỸ THUẬT TPHCM",
"CHS19110492_019.jpg":"Information Technology",
"CHS19110492_023.jpg":"Công nghệ thông tin",
"CHS19110492_034.jpg":"TRỊNH CÔNG TRƯỞNG",
"CHS19110492_038.jpg":"HCMUTE",
"CHS19124324_020.jpg":"Industrial Management",
"CHS19124324_022.jpg":"Quản lý công nghiệp",
"CHS19124324_032.jpg":"PHAN DIỄM THÚY",
"CHS19126041_018.jpg":"E-Commerce",
"CHS19126041_022.jpg":"Thương mại điện tử",
"CHS19126041_031.jpg":"TẠ THỊ LỆ HỒNG",
"CHS19126041_035.jpg":"HCMUTE",
"CHS19136094_020.jpg":"International Business",
"CHS19136094_024.jpg":"Kinh doanh quốc tế",
"CHS19136094_034.jpg":"PHẠM BÍCH TRÂM",
"CHS19136108_021.jpg":"International Business",
"CHS19136108_028.jpg":"Kinh doanh quốc té",
"CHS19136108_040.jpg":"HCMUTE",
"CHS19142140_03.jpg":"8915",
"CHS19142140_023.jpg":"THỊ HÀ GIANG",
"CHS19142302_039.jpg":"NGÔ MINH HẢI",
"CHS19142302_043.jpg":"HCMUTE",
"CHS19144233_025.jpg":"Mechanical Engineering Technology",
"CHS19144233_030.jpg":"Công nghệ kỹ thuật cơ khí",
"CHS19144233_042.jpg":"HUỲNH TẤN CƯỜNG",
"CHS19144233_046.jpg":"HCMUTE",
"CHS20126081_015.jpg":"Thương mại điện tử",
"CHS20126081_021.jpg":"HUỲNH THỊ MAI",
"CHS20126081_027.jpg":"BIDV",
"CHS20143442_020.jpg":"Machine Manufacturing Technology",
"CHS20143442_025.jpg":"Công nghệ chế tạo máy",
"CHS20143442_031.jpg":"CAO PHẠM ĐỨC HIỂU",
"CHS20143442_035.jpg":"BIDV",
"CHS20143493_017.jpg":"Machine Manufacturing Technology",
"CHS20143493_020.jpg":"Công nghệ c",
"CHS20143493_027.jpg":"LÊ ĐỨC TÀI",
"CHS20143493_029.jpg":"HCMUTE",
"CHS20143493_036.jpg":"TRƯỜNG ĐẠI",
"GTQ14149046_017.jpg":"Công Nghệ KT CT Xây Dựng",
"GTQ14149046_023.jpg":"Ngô Bích Hà",
"GTQ14149046_024.jpg":"SINH",
"GTQ14149046_025.jpg":"THẺ",
"GTQ14149046_026.jpg":"VIÊN",
"GTQ15120721_024.jpg":"KT XD công trình giao thông",
"GTQ15120721_029.jpg":"LƯƠNG HOÀNG QUẦN",
"GTQ15120721_031.jpg":"THẺ",
"GTQ16144071_040.jpg":"SINH",
"GTQ16144071_042.jpg":"THỦ",
"GTQ17142351_040.jpg":"01/08/1997",
"GTQ17142351_044.jpg":"LƯ XUÂN TRUNG DUNG",
"GTQ17142351_050.jpg":"HCMUTE",
"GTQ17144197_033.jpg":"ĐOÀN XUÂN DUY",
"GTQ17144197_035.jpg":"HCMUTE",
"GTQ17144197_037.jpg":"BIDV",
"GTQ17144197_041.jpg":"TRƯỜNG ĐẠI",
"GTQ17149016_035.jpg":"GIA HUY",
"GTQ17149016_040.jpg":"HCMUTE",
"GTQ17149071_039.jpg":"HCMUTE",
"GTQ17151026_034.JPG":"28/08/1999",
"GTQ17151026_038.JPG":"VÕ HUY QUANG",
"GTQ17151026_041.JPG":"HCMUTE",
"GTQ17151061_022.jpg":"ontrol and Automation",
"GTQ17151061_051.jpg":"HCMUTE",
"GTQ17151061_053.jpg":"BIDV",
"GTQ17151061_055.jpg":"TRƯỜNG ĐẠI",
"GTQ17153031_040.jpg":"HCMUTE",
"GTQ18110251_09.jpg":"Information Technology",
"GTQ18110251_011.jpg":"Công nghệ thông tin",
"GTQ18110251_017.jpg":"Lê Nguyễn Gia Bảo",
"GTQ18110251_020.jpg":"HCMUTE",
"GTQ18110251_022.jpg":"BIDV",
"GTQ18110276_025.jpg":"Võ Hồng",
"GTQ18110276_026.jpg":"Tiên Giang",
"GTQ18110276_048.jpg":"Ư PHAM KỸ THU",
"GTQ18110299_015.jpg":"Information Technology",
"GTQ18110299_019.jpg":"Công nghệ thông tin",
"GTQ18110299_028.jpg":"Nguyễn Đông Hướng",
"GTQ18110327_014.jpg":"Information Technology",
"GTQ18110327_020.jpg":"Công nghệ thông tin",
"GTQ18110327_027.jpg":"Trương",
"GTQ18110327_029.jpg":"Thảo Nguyên",
"GTQ18110327_033.jpg":"BIDV",
"GTQ18110343_011.jpg":"1800 9364",
"GTQ18110343_018.jpg":"Information Technology",
"GTQ18110343_026.jpg":"Công nghệ thông tin",
"GTQ18110343_035.jpg":"Thiệu Quân",
"GTQ18110343_036.jpg":"Gian",
"GTQ18110343_038.jpg":"HCMUTE",
"GTQ18110371_020.jpg":" Thiện",
"GTQ18110371_022.jpg":"Trân Ngọc Minh",
"GTQ18110371_028.jpg":"BIDV",
"GTQ18110377_011.jpg":"Information Technology",
"GTQ18110377_014.jpg":"Công nghệ thông tin",
"GTQ18110377_020.jpg":"Nguyễn Huỳnh Minh",
"GTQ18110377_021.jpg":" Tiến",
"GTQ18110381_018.jpg":"Information Technology",
"GTQ18110381_023.jpg":"Công nghệ thông tin",
"GTQ18110381_032.jpg":"I Tín",
"GTQ18110381_033.jpg":"Nguyễn Trung ",
"GTQ18110381_044.jpg":"MINISTRY OF EDUCATION AND",
"GTQ18110387_010.jpg":"Information Technotogy",
"GTQ18110387_013.jpg":"Công nghệ thông tin",
"GTQ18110400_018.jpg":"nghệ thông tin",
"GTQ18110400_027.jpg":"Huỳnh",
"GTQ18110400_028.jpg":"Thị Thúy Vy",
"GTQ18110999_016.jpg":"Machine Manufacturing Technology",
"GTQ18110999_019.jpg":"Công nghệ chê tạo máy",
"GTQ18110999_028.jpg":"Trương Hiệu Khanh",
"GTQ18124123_029.jpg":"Trang",
"GTQ18124123_032.jpg":"Trân",
"GTQ18124123_038.jpg":"HCMUTE",
"GTQ18125073_024.jpg":"Thi",
"GTQ18125073_026.jpg":"Lê Thị Kim",
"GTQ18127012_011.jpg":"Transportation Engineering",
"GTQ18127028_06.jpg":"Transportation Engineering",
"GTQ18127028_010.jpg":"công trình GT",
"GTQ18127028_015.jpg":"Huỳnh Đặng",
"GTQ18127028_016.jpg":"Tiểu Long",
"GTQ18128010_08.jpg":"1800 9365 2865",
"GTQ18128010_015.jpg":"Chemical Engineering Technology",
"GTQ18128010_018.jpg":"Công nghệ KT hóa học",
"GTQ18128010_024.jpg":"Trường Duy",
"GTQ18128010_025.jpg":"Phan Võ",
"GTQ18128044_020.jpg":"ĐOÀN PHÚ NHÂN",
"GTQ18128062_010.jpg":"Công nghệ KT",
"GTQ18128062_013.jpg":"Thị Minh",
"GTQ18128062_014.jpg":"Nguyễn",
"GTQ18132064_011.jpg":"00 9365 5728",
"GTQ18132064_013.jpg":"Logistics and Supply Chain Management",
"GTQ18132064_017.jpg":"Logistics và QL chuỗi CƯ",
"GTQ18132064_023.jpg":"Lưu Hoài Thương",
"GTQ18143045_014.jpg":"1800 9366 2161",
"GTQ18143045_026.jpg":"Machine Manufacturing Technology",
"GTQ18143045_030.jpg":"Công nghệ chế tạo máy",
"GTQ18143045_037.jpg":"Đặng Ngọc Thiện",
"GTQ18143045_039.jpg":"HCMUTE",
"GTQ18143347_016.jpg":"1800 9365 9936",
"GTQ18143347_021.jpg":"Machine Manufacturing Technology",
"GTQ18143347_025.jpg":"Công nghệ chế tạo máy",
"GTQ18143347_031.jpg":"Nguyễn Thọ Tuấn",
"GTQ18144025_017.jpg":"Mechanical Engineering T",
"GTQ18144025_027.jpg":"Đặng Khải",
"GTQ18144025_040.jpg":"TRƯỜNG ĐẠI",
"GTQ18145320_015.jpg":"Tống Đức Duy",
"GTQ18145320_020.jpg":"HCMUTE",
"GTQ18145320_022.jpg":"BIDV",
"GTQ18146363_029.jpg":"HCMUTE",
"GTQ18149187_08.jpg":"1800 9366",
"GTQ18149187_018.jpg":"Toản",
"GTQ18149187_019.jpg":"Lê Văn",
"GTQ18149187_023.jpg":"HCMUTE",
"GTQ18149187_025.jpg":"BIDV",
"GTQ18149187_031.jpg":"SƯ PHAM KỸ THU",
"GTQ18149187_033.jpg":"TRƯỜNG ĐẠI HỌC",
"GTQ18149212_028.jpg":"Mai Văn Anh",
"GTQ18150090_021.jpg":"Phan Quôc",
"GTQ18150090_024.jpg":"HCMUTE",
"GTQ18150090_031.jpg":"BIDV",
"GTQ18154057_010.jpg":"Renewable Energy Engineering Technology",
"GTQ18154057_017.jpg":"Trúc",
"GTQ18154057_019.jpg":"Nguyễn Thị Thanh",
"GTQ18157017_024.jpg":"I Thảo Linh",
"GTQ18161299_014.jpg":"ommunications Engineering",
"GTQ18161299_021.jpg":"CNKT Điện tử",
"GTQ18161299_031.jpg":"Tuấn",
"GTQ18161299_032.jpg":"Nguyễn Quang Anh",
"GTQ18161299_034.jpg":"HCMUTE",
"GTQ19132027_012.jpg":"Logistics and Supply Chain Management",
"GTQ19132027_015.jpg":"Logistics và quản lý chuỗi cung ứng",
"GTQ19132027_020.jpg":"NGÔ VIẾT LÊ ĐỨC",
"GTQ19132027_022.jpg":"HCMUTE",
"GTQ19143169_022.jpg":"Machine",
"GTQ19143169_032.jpg":"NGUYÊN ĐỨC TÂN",
"GTQ19144022_017.jpg":"Mechanical Engineering Technology",
"GTQ19144022_020.jpg":"Công nghệ kỹ thuật cơ khí",
"GTQ19144022_031.jpg":"ĐOÀN MINH HIẾU",
"GTQ19144022_040.jpg":"BIDV",
"GTQ19144135_014.jpg":"Mechanical Engineering Technology",
"GTQ19144135_017.jpg":"Công nghệ kỹ thuật cơ khí",
"GTQ19144135_028.jpg":"LÊ MINH KHOA",
"GTQ19144217_014.jpg":"Mechanical Engineering Technology",
"GTQ19144217_019.jpg":"Công nghệ kỹ thuật cơ khí",
"GTQ19144217_029.jpg":"HÂU TUẤN",
"GTQ19144217_031.jpg":"HCMUTE",
"GTQ19144217_034.jpg":"BIDV",
"GTQ19146137_016.jpg":"Mechatronics Engineering T",
"GTQ19146137_019.jpg":"Công nghệ kỹ thuật",
"GTQ19146137_029.jpg":"NGUYỄN TIẾN PHÚC",
"GTQ19147192_016.jpg":"Thermal Engineering Technology",
"GTQ19147192_020.jpg":"Công nghệ kỹ thuật nhiệt",
"GTQ19147192_028.jpg":"TRẦN TRUNG HIẾU",
"GTQ19147192_030.jpg":"HCMUTE",
"GTQ19147192_032.jpg":"BIDV",
"GTQ19149122_016.jpg":"Construction Engineering Technology",
"GTQ19149122_020.jpg":"Công nghệ kỹ thuật công trình xây dựng",
"GTQ19149122_030.jpg":"NGUYỄN VĂN HOÀNG",
"GTQ19149122_032.jpg":"HCMUTE",
"GTQ19156009_023.jpg":"TRẦN QUANG HÀO",
"GTQ19161274_025.jpg":"Electrorics and Comrmuricaons Engineering Technology",
"GTQ19161274_032.jpg":"Công nnghệ kỹ thuật điện tử -",
"GTQ19161274_042.jpg":"NGUYỄN HOÀNG PHÚC",
"GTQ20109023_013.jpg":"Garment Technology",
"GTQ20109023_017.jpg":"Công nghệ may",
"GTQ20109023_025.jpg":"LÊ THỊ PHƯƠNG LAN",
"GTQ20109023_027.jpg":"HCMUTE",
"GTQ20110422_010.jpg":"Information Technology",
"GTQ20110422_013.jpg":"Công nghệ thông tin",
"GTQ20110422_021.jpg":"NGUYÊN MINH TRÍ",
"GTQ18146363_0dob.jpg":"Công nghệ KT cơ điện tử",
"GTQ18149186_0id.jpg":"Trân Đức Toàn",
"GTQ18149186_0name.jpg":"24/08/2000",
"GTQ18149186_0dob.jpg":"Công nghệ KT công trình XD",
"GTQ18149186_0major.jpg":"2018",
"GTQ18149186_0year_entry.jpg":"9704 1800 9366 1551",
"GTQ18149187_0id.jpg":"Lê Văn Toản",
"GTQ18149187_0dob.jpg":"Công nghệ KT công trình XD",
"GTQ18149187_0major.jpg":"2018",
"GTQ18149187_0year_entry.jpg":"9704 1800 9366 1551",
"GTQ18149212_0id.jpg":"Mai Văn Anh",
"GTQ18149212_0name.jpg":"23/06/2000",
"GTQ18149212_0dob.jpg":"Công nghệ KT công trình XD",
"GTQ18149212_0major.jpg":"2018",
"GTQ18149212_0year_entry.jpg":"9704 1800 9366 1551",
"GTQ18150090_0id.jpg":"han Quôc Hùng",
"GTQ18154057_0id.jpg":"Nguyên Thị Thanh Trúc",
"GTQ18154057_0name.jpg":"19/03/2000",
"GTQ18154057_0dob.jpg":"Năng lượng tái tạo",
"GTQ18157017_0id.jpg":"Bùi Thảo Linh",
"GTQ18157017_0name.jpg":"19/06/2000",
"GTQ18157017_0dob.jpg":"Kiến trúc",
"GTQ20110422_023.jpg":"HCMUTE",
"GTQ20110422_028.jpg":"University of Technology and",
"GTQ20119229_015.jpg":"Computer Engineering Technology",
"GTQ20119229_021.jpg":"Công nghệ kỹ thuật máy tính",
"GTQ20119229_028.jpg":"HOÀNG ĐỨC HUY",
"GTQ20119229_030.jpg":"HCMUTE",
"GTQ20128168_04.jpg":"3327 0215",
"GTQ20128168_013.jpg":"Chemical Engineering Technology",
"GTQ20128168_019.jpg":"Công nghệ kỹ thuật hóa học",
"GTQ20128168_028.jpg":"NGUYÊN MINH TUẤN",
"GTQ20128168_035.jpg":"BIDV",
"GTQ20128168_037.jpg":"HCMUTE",
"GTQ20128168_044.jpg":"TRƯỜNG ĐẠI HỌC",
"GTQ20139038_026.jpg":"NGUYÊN GIA ",
"GTQ20143248_013.jpg":"Machine Manufacturing Technology",
"GTQ20143248_023.jpg":"LÊ TIẾN ĐẠT",
"GTQ20143248_029.jpg":"BIDV",
"GTQ20143301_017.jpg":"Mechine Manufacturing Technology",
"GTQ20143301_023.jpg":"Công nghệ chế tạo máy",
"GTQ20143301_030.jpg":"HUỲNH QUỐC DŨNG",
"GTQ20143301_031.jpg":"HCMUTE",
"GTQ20143373_015.jpg":"Machine Manufacturing Technology",
"GTQ20143373_017.jpg":"Công nghệ c",
"GTQ20143373_018.jpg":"chế tạo máy",
"GTQ20143373_026.jpg":"IH VIÊN",
"GTQ20143509_015.jpg":"Machine Manufacturing Technology",
"GTQ20143509_019.jpg":"Công nghệ chế tạo máy",
"GTQ20143509_032.jpg":"VÕ VĂN TRIỆU",
"GTQ20143509_035.jpg":"HCMUTE",
"GTQ20145621_013.jpg":"Automotive Engineering T",
"GTQ20145621_017.jpg":"Công nghệ kỹ thuật ô",
"GTQ20145621_027.jpg":"NGUYỄN ĐÌNH THỊNH",
"GTQ20145621_031.jpg":"BIDV",
"GTQ20147298_019.jpg":"Thermal Engineering Technology",
"GTQ20147298_026.jpg":"Công nghệ kỹ thuật nhiệt",
"GTQ20147298_033.jpg":"ĐẶNG TIẾN NAM",
"GTQ20147298_037.jpg":"HCMUTE",
"GTQ20147298_039.jpg":"BIDV",
"GTQ20149122_014.jpg":"Construction Engineering Technology",
"GTQ20149122_017.jpg":"Công nghệ kỹ thuật công trình xây dựng",
"GTQ20149122_024.jpg":"PHẠM CHÍ CÔNG",
"GTQ20149122_026.jpg":"HCMUTE",
"GTQ20149125_021.jpg":"Construction Engineering Technology",
"GTQ20149125_026.jpg":"Công nghệ kỹ thuật công trình xây dựng",
"GTQ20149125_036.jpg":"HOÀNG MINH DUY",
"GTQ20149125_040.jpg":"BIVV",
"KGB18110256_010.jpg":"Information Technology",
"KGB18110256_014.jpg":"Công nghệ thông tin",
"KGB18110256_024.jpg":"Trương Thị Cam",
"KGB18110270_011.jpg":"Information Technology",
"KGB18110270_015.jpg":"Công nghệ thông tin",
"KGB18110270_017.jpg":"05/08/2000",
"KGB18110270_020.jpg":"Võ Thành Đô",
"KGB18110287_010.jpg":"Information Technology",
"KGB18110287_012.jpg":"Công nghệ thông tin",
"KGB18110287_024.jpg":"Phạm Minh Hoàng",
"KGB18110287_027.jpg":"HCMUTE",
"KGB18110287_040.jpg":"HỌC SƯ PHAM KỸ",
"KGB18110287_041.jpg":"TRƯỜNG ĐẠI",
"KGB18110293_016.jpg":"Information Technology",
"KGB18110293_019.jpg":"Công nghệ thông tin",
"KGB18110293_027.jpg":"Nguyễn Hoàng Huy",
"KGB18110293_043.jpg":"OF EDUCATION AND TRAINING",
"KGB18110321_013.jpg":"Information Technology",
"KGB18110321_018.jpg":"Công nghệ thông",
"KGB18110321_027.jpg":"Nguyễn Hoài Nam",
"KGB18110321_032.jpg":"BIDV",
"KGB18110326_016.jpg":"Information Technology",
"KGB18110326_019.jpg":"thông tin",
"KGB18110332_016.jpg":"Information Technology",
"KGB18110332_020.jpg":"Công nghệ thông tin",
"KGB18110332_028.jpg":"Nguyễn Quốc Ninh",
"KGB18110347_09.jpg":"Information Tochnology",
"KGB18110347_014.jpg":"Công nghệ thông tin",
"KGB18110347_020.jpg":"Đào Thị Mỹ Quyên",
"KGB18110347_027.jpg":"SƯ PHẠM KỸ THU",
"KGB18110348_014.jpg":"Information Technology",
"KGB18110348_030.jpg":"Thái Như Quỳnh",
"KGB18110348_031.jpg":"Hoàng",
"KGB18110348_035.jpg":"BIDV",
"KGB18110349_012.jpg":"Information Technology",
"KGB18110349_015.jpg":"Công nghệ",
"KGB18110349_022.jpg":"Lê Trình Diễm Quỳnh",
"KGB18110349_024.jpg":"HCMUTE",
"KGB18110354_018.jpg":"Information Technology",
"KGB18110354_030.jpg":"Nguyễn Quyết Sinh",
"KGB18110369_07.jpg":"04 1800 9709 9352",
"KGB18110369_010.jpg":"formation Technology",
"KGB18110369_011.jpg":"Công Nghệ Thông Tin",
"KGB18110369_025.jpg":"NGUYÊN ĐANG THẮNG",
"KGB18110369_030.jpg":"ology and Educatio",
"KGB18110382_012.jpg":"Information Technology",
"KGB18110382_016.jpg":"Công nghệ thông tin",
"KGB18110382_022.jpg":"Thanh Toàn",
"KGB18110382_024.jpg":"Trần",
"KGB18110382_036.jpg":"MINISTRY OF EDUCATION AND",
"KGB19116027_014.jpg":"Food Technology",
"KGB19116027_017.jpg":"Công nghệ thực phẩm",
"KGB19116027_024.jpg":"LÝ NGUYỄN BẢO NGHI",
"KGB19116027_029.jpg":"HCMUTE",
"KGB19116027_031.jpg":"BIDV",
"KGB19116168_013.jpg":"Food Technology",
"KGB19116168_016.jpg":"Công nghệ thực phẩm",
"KGB19116168_018.jpg":"21/07/2001",
"KGB19116168_023.jpg":"NGUYỄN THỊ THU HÀ",
"KGB19116168_027.jpg":"BIDV",
"KGB19116192_012.jpg":"Food Technology",
"KGB19116192_015.jpg":"Công nghệ thực phẩm",
"KGB19116192_022.jpg":"NGUYỄN THỊ NGÂN",
"KGB19116192_023.jpg":"Studemt ID Card",
"KGB19116192_024.jpg":"HCMUTE",
"KGB19116192_027.jpg":"BIDV",
"KGB19116194_012.jpg":"Food Technology",
"KGB19116194_014.jpg":"nghệ thực phẩm",
"KGB19116194_021.jpg":"MAI THẢO NGUYÊN",
"KGB19116194_023.jpg":"HCMUTE",
"KGB19116194_025.jpg":"BIDV",
"KGB19116194_027.jpg":"nd Education",
"KGB19116200_019.jpg":"Food Technology",
"KGB19116200_023.jpg":"Công nghệ thực phẩm",
"KGB19116200_036.jpg":"DƯƠNG THỊ HỒNG NHUNG",
"KGB19116200_043.jpg":"HCMUTE",
"KGB19116200_045.jpg":"BIDV",
"KGB19116214_015.jpg":"Food Technology",
"KGB19116214_019.jpg":"Công nghệ thực phẩm",
"KGB19116214_028.jpg":"TRẦN THANH THẢO",
"KGB19116214_033.jpg":"HCMUTE",
"KGB19116214_035.jpg":"BIDV",
"KGB19116221_019.jpg":"Food Technology",
"KGB19116221_022.jpg":"Công nghệ thực phẩm",
"KGB19116221_034.jpg":"HỒ THỊ ANH THƯ",
"KGB19116221_039.jpg":"HCMUTE",
"KGB19116221_042.jpg":"BIDV",
"KGB19116231_014.jpg":"Food Technology",
"KGB19116231_017.jpg":"Công nghệ thực phẩm",
"KGB19116231_026.jpg":"NGUYỄN PHƯƠNG UYÊN",
"KGB19116231_028.jpg":"HCMUTE",
"KGB19116231_030.jpg":"BIDV",
"KGB19116231_032.jpg":"of Technology and Education",
"KGB19116231_036.jpg":"TRƯỜNG ĐẠI HỌC",
"KGB19116235_015.jpg":"Food Technology",
"KGB19116235_019.jpg":"Công nghệ thực phẩm",
"KGB19116235_032.jpg":"PHAN THỊ NHẬT VY",
"KGB19116235_040.jpg":"BIDV",
"KGB20132101_019.jpg":"Logistics and Supply Chain Management",
"KGB20132101_026.jpg":"Logistics và quản lý chuỗi cung",
"KGB20132101_036.jpg":"LÊ NGUYỄN NHẬT TÂN",
"KGB20132101_040.jpg":"HCMUTE",
"KGB20132101_042.jpg":"BIDV",
"KGB20132143_025.jpg":"Logistics and Supply Chain Management",
"KGB20132143_030.jpg":"Logistics và quản lý chuỗi cung ứng",
"KGB20132143_042.jpg":"TRẦN HÀ NHÂN HÒA",
"KGB20132143_043.jpg":"HÒA",
"CHS18110257_0dob.jpg":"Công nghệ thông tin",
"CHS18110257_0major.jpg":"2018",
"CHS18110257_0year_entry.jpg":"9704 1800 9364 1512",
"CHS18110283_0id.jpg":"Nguyễn Ngọc Trung Hiếu",
"CHS18110283_0name.jpg":"16/11/2000",
"CHS18110283_0dob.jpg":"Công nghệ thông tin",
"CHS18110283_0major.jpg":"2018",
"CHS18110303_0id.jpg":"Hồ Quốc Khánh",
"CHS18110303_0name.jpg":"01/05/2000",
"CHS18110311_0id.jpg":"25/05/2000",
"CHS18110311_0major.jpg":"00 9364 1306",
"CHS18110321_0id.jpg":"Nguyên Hoài Nam",
"CHS18110321_0name.jpg":"24/08/2000",
"CHS18110321_0dob.jpg":"Công nghệ thông tin",
"CHS18110333_0year_entry.jpg":"9704 1800 9364 0514",
"CHS18110349_0major.jpg":"9364",
"CHS18110353_0id.jpg":"Nguyễn Khắc Thành Sang",
"CHS18110353_0dob.jpg":"Công nghệ thông tin",
"CHS18110361_0id.jpg":"Nguyễn Văn Tân",
"CHS18110361_0name.jpg":"24/09/2000",
"CHS18110361_0dob.jpg":"Công nghệ thông tin",
"CHS18110361_0major.jpg":"2018",
"CHS18110368_0name.jpg":"2/02/2000",
"CHS18110368_0dob.jpg":"ông nghệ thông tin",
"CHS18110376_0id.jpg":"Lưu Quang Tiến",
"CHS18110376_0name.jpg":"18/09/2000",
"CHS18110376_0dob.jpg":"Công nghệ thông tin",
"CHS18110376_0major.jpg":"2018",
"CHS18110376_0year_entry.jpg":"9704 1800 9364",
"CHS18110389_0id.jpg":"NGUYỄN VĂN TỪ",
"CHS18110389_0name.jpg":"24/09/2000",
"CHS18110389_0dob.jpg":"Công nghệ thông tin",
"CHS18110389_0major.jpg":"2018 - 2022",
"CHS18116176_0name.jpg":"30/03/2000",
"CHS18116176_0dob.jpg":"Công nghệ thực phẩm",
"CHS18116176_0major.jpg":"2018",
"CHS18124152_0id.jpg":"Lê Yến Châu",
"CHS18124152_0name.jpg":"24/08/2000",
"CHS18124152_0dob.jpg":"Quản lý công nghiệp",
"CHS18124152_0major.jpg":"2018",
"CHS18125004_0major.jpg":"800 9365 1024",
"CHS18126088_0id.jpg":"Từ Phi Yến",
"CHS18126088_0name.jpg":"07/02/2000",
"CHS18126088_0major.jpg":"2018",
"CHS18126088_0year_entry.jpg":"9704 1800 9365 1134",
"CHS18143267_0id.jpg":"Lê Xuân Long",
"CHS18143267_0dob.jpg":"Công nghệ chế tạo máy",
"CHS18143267_0year_entry.jpg":"9704 1800 9366 0231",
"CHS18146374_0id.jpg":"Lê Bá Đức Thắng",
"CHS18146374_0dob.jpg":"Công nghệ kỹ thuật cơ điện tử",
"CHS18147083_0name.jpg":"Nguyên Trân Thê Hưng",
"CHS18157042_0id.jpg":"Châu Quang Thành",
"CHS18157042_0name.jpg":"25/09/2000",
"CHS18157042_0dob.jpg":"Kiến trúc",
"CHS19110039_0id.jpg":"HỒ HUY LUẬT",
"CHS19110039_0name.jpg":"02/01/2001",
"CHS19110039_0dob.jpg":"Công nghệ thông tin",
"CHS19110039_0major.jpg":"2019-2023",
"CHS19110340_0name.jpg":"18/09/2001",
"CHS19110419_0id.jpg":"HUỲNH CAO THẢO NHI",
"CHS19110419_0name.jpg":"09/09/2001",
"CHS19110419_0dob.jpg":"Công nghệ thông tin",
"CHS19110419_0major.jpg":"2019 - 2023",
"CHS19110492_0id.jpg":"TRỊNH CÔNG TRƯỞNG",
"CHS19110492_0name.jpg":"03/09/2001",
"CHS19110492_0dob.jpg":"Công nghệ thông tin",
"CHS19110492_0major.jpg":"2019 - 2023",
"CHS19124324_0id.jpg":"PHAN DIỄM THÚY",
"CHS19124324_0name.jpg":"21/07/2001",
"CHS19124324_0dob.jpg":"Quản lý công nghiệp",
"CHS19124324_0major.jpg":"2019 - 2023",
"CHS19126041_0id.jpg":"TẠ THỊ LỆ HỒNG",
"CHS19126041_0name.jpg":"14/12/2001",
"CHS19126041_0dob.jpg":"Thương mại điện tử",
"CHS19126041_0major.jpg":"2019-2023",
"CHS19136094_0id.jpg":"PHẠM BÍCH TRÂM",
"CHS19136094_0name.jpg":"30/07/2001",
"CHS19136094_0dob.jpg":"Kinh doanh quốc tế",
"CHS19136094_0major.jpg":"2019-2023",
"CHS19136108_0id.jpg":"NGUYÊN THỊ THANH TUYẾN",
"CHS19136108_0name.jpg":"27/01/2001",
"CHS19136108_0dob.jpg":"Kinh doanh quốc tees",
"CHS19136108_0major.jpg":"2019 - 2023",
"CHS19142140_0major.jpg":"019-2023",
"CHS19142302_0id.jpg":"NGÔ MINH HẢI",
"CHS19142302_0name.jpg":"18/01/2001",
"CHS19142302_0major.jpg":"2019-2023",
"CHS19144233_0id.jpg":"HUỲNH TẤN CƯỜNG",
"CHS19144233_0name.jpg":"16/11/2001",
"CHS19144233_0dob.jpg":"Công nghệ kỹ thuật cơ khí",
"CHS19144233_0major.jpg":"2019 - 2023",
"CHS20126081_0id.jpg":"HUỲNH THỊ MAI",
"CHS20126081_0name.jpg":"02/02/2002",
"CHS20126081_0dob.jpg":"Thương mại điện tử",
"CHS20126081_0major.jpg":"2020 - 2024",
"CHS20143442_0dob.jpg":"Công nghệ chế tạo máy",
"CHS20143442_0major.jpg":"2020 - 2024",
"CHS20143442_0year_entry.jpg":"3329 7185",
"CHS20143493_0dob.jpg":"Manufacturing Technology",
"GTQ16144071_0name.jpg":"Công nghệ kỹ thuật cơ khí",
"GTQ17142351_0id.jpg":"LƯ XUÂN TRUNG DUNG",
"GTQ17142351_0name.jpg":"01/08/1997",
"GTQ17142351_0dob.jpg":"Công Nghệ Kỹ Thuật Điện-Điện tử",
"GTQ17142351_0major.jpg":"2017",
"GTQ17144197_0id.jpg":"ĐOAN XUAN DUY",
"GTQ17144197_0major.jpg":"2017",
"GTQ17149016_0id.jpg":"HUỲNH GIA HUY",
"GTQ17149016_0name.jpg":"03/08/1999",
"GTQ17149016_0dob.jpg":"CN KT công tình xây dựng",
"GTQ17149071_0id.jpg":"NGUYÊN VĂN HAU",
"GTQ17151026_0id.JPG":"VÕ HUY QUANG",
"GTQ17151026_0name.JPG":"28/08/1999",
"GTQ17151026_0major.JPG":"2017",
"GTQ17151061_0id.jpg":"Ê ĐẠT",
"GTQ17151061_0name.jpg":"4/12/1999",
"GTQ17151061_0major.jpg":"2017",
"GTQ17153031_0name.jpg":"2/05/1999",
"GTQ17153031_0major.jpg":"2017",
"GTQ18110251_0id.jpg":"Lê Nguyễn Gia Bảo",
"GTQ18110251_0name.jpg":"25/05/2000",
"GTQ18110251_0dob.jpg":"Công nghệ thông tin",
"GTQ18110251_0major.jpg":"2018",
"GTQ18110251_0year_entry.jpg":"9704 1800 9364 1405",
"GTQ18110276_0id.jpg":"Võ Hồng Tiên Giang",
"GTQ18110276_0name.jpg":"17/07/2000",
"GTQ18110276_0dob.jpg":"Công nghệ thông tin",
"GTQ18110276_0major.jpg":"2018",
"GTQ18110298_0id.jpg":"Tạ Thị Mai Hương",
"GTQ18110298_0dob.jpg":"Công nghệ thông tin",
"GTQ18110298_0year_entry.jpg":"9704 1800 9364 0761",
"GTQ18110299_0id.jpg":"Nguyễn Đông Hướng",
"GTQ18110299_0name.jpg":"14/01/2000",
"GTQ18110299_0dob.jpg":"Công nghệ thông tin",
"GTQ18110299_0major.jpg":"2018",
"GTQ18110322_0id.jpg":"Nguyễn Quốc Ninh",
"GTQ18110322_0name.jpg":"19/11/2000",
"GTQ18110322_0dob.jpg":"Công nghệ thông tin",
"GTQ18110322_0major.jpg":"2018",
"GTQ18110327_0name.jpg":"12/03/2000",
"GTQ18110327_0dob.jpg":"Công nghệ thông tin",
"GTQ18110327_0major.jpg":"2018",
"GTQ18110327_0year_entry.jpg":"9704 1800 9363 3691",
"GTQ18110328_0id.jpg":"Nguyễn Thanh Nhân",
"GTQ18110328_0name.jpg":"21/05/2000",
"GTQ18110343_0id.jpg":"Gian Thiệu Quân",
"GTQ18110343_0name.jpg":"29/05/2000",
"GTQ18110343_0dob.jpg":"Công nghệ thông tin",
"GTQ18110343_0major.jpg":"2018",
"GTQ18110343_0year_entry.jpg":"9704 1800 9364 1124",
"GTQ18110344_0id.jpg":"Võ Trần Minh Quân",
"GTQ18110344_0name.jpg":"09/09/2000",
"GTQ18110344_0dob.jpg":"Công nghệ thông tin",
"GTQ18110344_0major.jpg":"2018",
"GTQ18110344_0year_entry.jpg":"9704 1800 9364 0712",
"GTQ18110371_0id.jpg":"Trần Ngọc Minh Thiện",
"GTQ18110371_0name.jpg":"26/01/2000",
"GTQ18110371_0dob.jpg":"Công nghệ thông tin",
"GTQ18110371_0major.jpg":"2018",
"GTQ18110377_0id.jpg":"Nguyễn Huỳnh Minh Tiến",
"GTQ18110377_0name.jpg":"09/09/2000",
"GTQ18110377_0dob.jpg":"Công nghệ thông tin",
"GTQ18110377_0major.jpg":"2018",
"GTQ18110377_0year_entry.jpg":"9704 1800 9363 3741",
"GTQ18110381_0id.jpg":"Nguyễn Trung Tín",
"GTQ18110381_0name.jpg":"27/09/2000",
"GTQ18110387_0name.jpg":"01/11/2000",
"GTQ18110387_0dob.jpg":"Công nghệ thông tin",
"GTQ18110387_0major.jpg":"018",
"GTQ18110387_0year_entry.jpg":"9498 8060",
"GTQ18110400_0id.jpg":"Huỳnh Thị Thúy Vy",
"GTQ18110400_0name.jpg":"20/05/2000",
"GTQ18110400_0dob.jpg":"Công nghệ thông tin",
"GTQ18110400_0major.jpg":"2018",
"GTQ18110400_0year_entry.jpg":"9704 1800 9364 1686",
"GTQ18110999_0id.jpg":"Trương Hiệu Khanh",
"GTQ18110999_0name.jpg":"20/11/2000",
"GTQ18124123_0id.jpg":"Trần Thu Trang",
"GTQ18124123_0name.jpg":"07/09/2000",
"GTQ18124123_0dob.jpg":"Quản lý công nghiệp",
"GTQ18124123_0major.jpg":"2018",
"GTQ18124123_0year_entry.jpg":"9704 1800 9364 8715",
"GTQ18125073_0id.jpg":"Lê Thị Kim Thi",
"GTQ18125073_0name.jpg":"07/02/2000",
"GTQ18125073_0dob.jpg":"Kế toán",
"GTQ18125073_0year_entry.jpg":"9704 1800 9365",
"GTQ18127012_0name.jpg":"26/04/2000",
"GTQ18127012_0dob.jpg":"KT XD công trình GT",
"GTQ18127012_0major.jpg":"2018",
"GTQ18127012_0year_entry.jpg":"9704 1800 9365 2337",
"GTQ18127028_0id.jpg":"Huỳnh Đặng Tiểu Long",
"GTQ18127028_0name.jpg":"12/04/2000",
"GTQ18127028_0dob.jpg":"KT XD công trình GT",
"GTQ18128010_0id.jpg":"Phan Võ Trường Duy",
"GTQ18128010_0name.jpg":"30/10/2000",
"GTQ18128010_0dob.jpg":"Công nghệ KT hóa học",
"GTQ18128010_0major.jpg":"2018",
"GTQ18128044_0major.jpg":"2018 - 2022",
"GTQ18128062_0id.jpg":"Nguyễn Thị Minh Thư",
"GTQ18128062_0name.jpg":"10/02/2000",
"GTQ18128062_0dob.jpg":"Công nghệ KT hóa học",
"GTQ18132064_0id.jpg":"Lưu Hoài Thương",
"GTQ18132064_0name.jpg":"24/03/1999",
"GTQ18132064_0dob.jpg":"Logistics và QL chuỗi CƯ",
"GTQ18132064_0major.jpg":"2018",
"GTQ18143045_0id.jpg":"Đặng Ngọc Thiện",
"GTQ18143045_0name.jpg":"13/08/2000",
"GTQ18143045_0dob.jpg":"Công nghệ chế tạo máy",
"GTQ18143045_0major.jpg":"2018",
"GTQ18143045_0year_entry.jpg":"9704 1800 9366 2161",
"GTQ18143347_0id.jpg":"Nguyễn Thọ Tuấn",
"GTQ18143347_0name.jpg":"22/01/2000",
"GTQ18143347_0dob.jpg":"Công nghệ chế tạo máy",
"GTQ18143347_0major.jpg":"2018",
"GTQ18144025_0id.jpg":"Đặng Khải",
"GTQ18144025_0name.jpg":"19/03/2000",
"GTQ18146363_0id.jpg":"Nguyên Anh Quôc",
"GTQ18146363_0name.jpg":"13/04/2000",
"GTQ18157017_0major.jpg":"2018",
"GTQ18158119_0id.jpg":"NGUYỄN TRẦN PHƯƠNG DUY",
"GTQ18158119_0name.jpg":"36797",
"GTQ18158119_0dob.jpg":"Công nghệ kĩ thuật in",
"GTQ18158119_0major.jpg":"2018 - 2022",
"GTQ18158119_0year_entry.jpg":"1800 9849 7282",
"GTQ18161299_0id.jpg":"Nguyễn Quang Anh Tuấn",
"GTQ18161299_0name.jpg":"14/12/2000",
"GTQ18161299_0dob.jpg":"CNKT Điện tử - Viễn thông",
"GTQ18161299_0major.jpg":"2018",
"GTQ19116118_0id.jpg":"NGUYEN BAO NHƯ",
"GTQ19143169_0id.jpg":"NGUYÊN ĐỨC TÂN",
"GTQ19143169_0name.jpg":"01/05/2001",
"GTQ19143169_0dob.jpg":"Công nghệ chế tạo máy",
"GTQ19143169_0major.jpg":"2019 - 2023",
"GTQ19143169_0year_entry.jpg":"9704 1801 1111 2975",
"GTQ19144022_0id.jpg":"ĐOÀN MINH HIẾU",
"GTQ19144022_0dob.jpg":"Công nghệ kỹ thuật cơ khí",
"GTQ19144022_0major.jpg":"2019 - 2023",
"GTQ19144022_0year_entry.jpg":"9704 1801 1210 2694",
"GTQ19144135_0id.jpg":"LÊ MINH KHOA",
"GTQ19144135_0name.jpg":"17/11/2001",
"GTQ19144135_0dob.jpg":"Công nghệ kỹ thuật cơ khí",
"GTQ19144135_0major.jpg":"2019 - 2023",
"GTQ19144217_0year_entry.jpg":"9704",
"GTQ19145325_0id.jpg":"THÁI HUỲNH DUY TOÀN",
"GTQ19145325_0name.jpg":"18/09/2001",
"GTQ19145325_0dob.jpg":"Công nghệ kỹ thuật ô tô",
"GTQ19145325_0major.jpg":"2019-2023",
"GTQ19145325_0year_entry.jpg":"1801 1212 5141",
"GTQ19146137_0id.jpg":"NGUYỄN TIẾN PHÚC",
"GTQ19146137_0name.jpg":"04/07/2001",
"GTQ19146137_0dob.jpg":"Công nghệ kỹ thuật cơ điện tử",
"GTQ19146137_0major.jpg":"2019 - 2023",
"GTQ19147192_0id.jpg":"TRẦN TRUNG HIẾU",
"GTQ19147192_0name.jpg":"06/01/2001",
"GTQ19147192_0dob.jpg":"Công nghệ kỹ thuật nhiệt",
"GTQ19147192_0major.jpg":"2019 - 2023",
"GTQ19149122_0id.jpg":"NGUYỄN VĂN HOÀNG",
"GTQ19149122_0name.jpg":"05/04/2001",
"GTQ19149122_0dob.jpg":"Công nghệ kỹ thuật công trình xây dựng",
"GTQ19149122_0major.jpg":"2018",
"GTQ19156009_0id.jpg":"TRẦN QUANG HÀO",
"GTQ19156009_0dob.jpg":"Thiết kế đồ họa",
"GTQ19156009_0major.jpg":"2019 - 2023",
"GTQ19161274_0id.jpg":"NGUYỄN HOÀNG PHÚC",
"GTQ19161274_0name.jpg":"24/10/2001",
"GTQ19161274_0dob.jpg":"Công nghệ kỹ thuật điện tử - viễn thông",
"GTQ19161274_0major.jpg":"2019 - 2023",
"GTQ20109023_0id.jpg":"LÊ THỊ PHƯƠNG LAN",
"GTQ20109023_0name.jpg":"20/06/2001",
"GTQ20109023_0dob.jpg":"Công nghệ may",
"GTQ20109023_0major.jpg":"2020 - 2024",
"GTQ20109023_0year_entry.jpg":"9704 1801",
"GTQ20110422_0id.jpg":"NGUYÊN MINH TRÍ",
"GTQ20110422_0name.jpg":"16/09/2002",
"GTQ20110422_0dob.jpg":"Công nghệ thông tin",
"GTQ20110422_0major.jpg":"2020 - 2024",
"GTQ20110422_0year_entry.jpg":"9704 1801 3318 0216",
"GTQ20119229_0id.jpg":"HOÀNG ĐỨC HUY",
"GTQ20119229_0name.jpg":"05/07/2002",
"GTQ20119229_0dob.jpg":"Công nghệ kỹ thuật máy tính",
"GTQ20119229_0major.jpg":"2020 - 2024",
"GTQ20128168_0id.jpg":"NGUYỄN MINH TUẤN",
"GTQ20128168_0name.jpg":"20/02/2002",
"GTQ20128168_0dob.jpg":"Công nghệ kỹ thuật hóa học",
"GTQ20128168_0major.jpg":"2020 - 2024",
"GTQ20143248_0id.jpg":"LÊ TIẾN ĐẠT",
"GTQ20143248_0name.jpg":"26/01/2002",
"GTQ20143248_0dob.jpg":"Công nghệ chế tạo máy",
"GTQ20143248_0major.jpg":"2020 - 2024",
"GTQ20143301_0id.jpg":"HUỲNH QUỐC DŨNG",
"GTQ20143301_0name.jpg":"14/14/2002",
"GTQ20143301_0dob.jpg":"Công nghệ chế tạo máy",
"GTQ20143301_0major.jpg":"2020 - 2024",
"GTQ20143301_0year_entry.jpg":"9704 1801 3328 7938",
"GTQ20143373_0id.jpg":"NGUYÊN BÁ TRƯƠNG PHAT",
"GTQ20143373_0dob.jpg":"Công nghệ chế tạo máy",
"GTQ20143373_0major.jpg":"2020 - 2024",
"GTQ20143373_0year_entry.jpg":"9704 1801 3328 9977",
"GTQ20143509_0id.jpg":"VÕ VĂN TRIỆU",
"GTQ20143509_0name.jpg":"20/11/2002",
"GTQ20143509_0dob.jpg":"Công nghệ chế tạo máy",
"GTQ20143509_0major.jpg":"2020 - 2024",
"GTQ20145621_0id.jpg":"NGUYÊN ĐÌNH THỊNH",
"GTQ20145621_0name.jpg":"10/02/2002",
"GTQ20145621_0dob.jpg":"Công nghệ kỹ thuật ô",
"GTQ20145621_0major.jpg":"2020 - 2024",
"GTQ20145621_0year_entry.jpg":"9704 1801 3318 2196",
"GTQ20147298_0dob.jpg":"Công nghệ kỹ thuật nhiệt",
"GTQ20147298_0major.jpg":"2020 - 2024",
"GTQ20149122_0id.jpg":"HẠM CHÍ CÔNG",
"GTQ20149122_0dob.jpg":"nghệ kỹ thuật công trình xây dựng",
"GTQ20149122_0major.jpg":"2020 - 2024",
"GTQ20149122_0year_entry.jpg":"1801 3329",
"GTQ20149125_0id.jpg":"HOÀNG MINH DUY",
"GTQ20149125_0name.jpg":"06/12/2002",
"GTQ20149125_0dob.jpg":"Công nghệ kỹ thuật công trình xây dựng",
"GTQ20149125_0major.jpg":"2020 - 2024",
"KGB18110256_0id.jpg":"Trương Thị Cam",
"KGB18110256_0dob.jpg":"Công nghệ thông tin",
"KGB18110287_0id.jpg":"Phạm Minh Hoàng",
"KGB18110287_0name.jpg":"01/11/2000",
"KGB18110287_0dob.jpg":"Công nghệ thông tin",
"KGB18110287_0major.jpg":"2018",
"KGB18110293_0id.jpg":"Nguyễn Hoàng Huy",
"KGB18110293_0name.jpg":"06/12/2000",
"KGB18110293_0dob.jpg":"Công nghệ thông tin",
"KGB18110293_0major.jpg":"2018",
"KGB18110321_0id.jpg":"Nguyễn Hoài Nam",
"KGB18110321_0name.jpg":"24/08/2000",
"KGB18110321_0dob.jpg":"Công nghệ thông tin",
"KGB18110326_0id.jpg":"Huỳnh Trọng Nghĩa",
"KGB18110326_0name.jpg":"10/06/2000",
"KGB18110326_0dob.jpg":"Công nghệ thông tin",
"KGB18110332_0id.jpg":"Nguyễn Quốc Ninh",
"KGB18110332_0name.jpg":"19/11/2000",
"KGB18110347_0dob.jpg":"Công nghệ thêng tin",
"KGB18110347_0major.jpg":"2018",
"KGB18110348_0id.jpg":"Hoàng Thái Như Quỳnh",
"KGB18110348_0name.jpg":"07/08/2000",
"KGB18110348_0dob.jpg":"Công nghệ thông tin",
"KGB18110349_0id.jpg":"Lê Trình Diễm Quỳnh",
"KGB18110349_0dob.jpg":"Công nghệ thông tin",
"KGB18110349_0major.jpg":"2018",
"KGB18110354_0name.jpg":"27/02/2000",
"KGB18110354_0dob.jpg":"Công nghệ thông tin",
"KGB18110369_0id.jpg":"NGUYÊN ĐANG THẮNG",
"KGB18110369_0name.jpg":"07/09/2000",
"KGB18110369_0major.jpg":"2018 - 2022",
"KGB18110382_0name.jpg":"11/05/2000",
"KGB18110382_0major.jpg":"2018",
"KGB19116027_0id.jpg":"LÝ NGUYÊN BẢO NGHI",
"KGB19116027_0name.jpg":"07/08/2001",
"KGB19116027_0major.jpg":"2019 - 2023",
"KGB19116027_0year_entry.jpg":"9704 1801 1213 3756",
"KGB19116168_0id.jpg":"NGUYỄN THỊ THU HÀ",
"KGB19116168_0name.jpg":"21/07/2001",
"KGB19116192_0id.jpg":"NGUYÊN THỊ NGÂN",
"KGB19116192_0dob.jpg":"Công nghệ thực phẩm",
"KGB19116194_0id.jpg":"MAI THẢO NGUYÊN",
"KGB19116194_0name.jpg":"23/08/2001",
"KGB19116194_0dob.jpg":"Công nghệ thực phẩm",
"KGB19116194_0major.jpg":"2019 -2023",
"KGB19116200_0id.jpg":"DƯƠNG THỊ HỒNG NHUNG",
"KGB19116200_0name.jpg":"08/05/2001",
"KGB19116200_0dob.jpg":"Công nghệ thực phẩm",
"KGB19116200_0major.jpg":"2019 - 2023",
"KGB19116202_0id.jpg":"HUỲNH YẾN NHƯ",
"KGB19116202_0name.jpg":"24/07/2001",
"KGB19116202_0dob.jpg":"Công nghệ thực phẩm",
"KGB19116214_0major.jpg":"2019 - 2023",
"KGB19116221_0id.jpg":"HÔ THỊ ANH THƯ",
"KGB19116221_0name.jpg":"21/03/2001",
"KGB19116221_0dob.jpg":"Công nghệ thực phẩm",
"KGB19116231_0id.jpg":"GUYỄN PHƯƠNG UYÊN",
"KGB19116231_0name.jpg":"2/10/2001",
"KGB19116235_0id.jpg":"PHAN THỊ NHẬT VY",
"KGB19116235_0name.jpg":"09/04/2004",
"KGB19116235_0dob.jpg":"Công nghệ thực phẩm",
"KGB20132101_0id.jpg":"LÊ NGUYÊN NHẬT TÂN",
"KGB20132101_0name.jpg":"03/07/2002",
"KGB20132101_0dob.jpg":"Logistics và quản lý chuỗi cung ứng",
"KGB20132101_0major.jpg":"2020 - 2024",
"KGB20132143_0id.jpg":"TRẦN HÀ NHÂN HÒA",
"KGB20132143_0name.jpg":"26/05/2002",
"KGB20132143_0dob.jpg":"Logistics và quản lý chuỗi cung ứng",
"KGB20132143_0major.jpg":"2020 - 2024",
"LTPT17141257_0id.jpg":"NGUYÊN HOÀNG TÚ",
"LTPT17141257_0name.jpg":"18/11/1999",
"LTPT17141257_0dob.jpg":"Công nghệ Kỹ thuật Điện tử - Truyền thông",
"LTPT18110248_0id.jpg":"NGUYÊN VIỆT ANH",
"LTPT18110248_0name.jpg":"01/06/2000",
"LTPT18110248_0major.jpg":"018-2022",
"LTPT18110250_0id.jpg":"Dương Trung Bảo",
"LTPT18110269_0name.jpg":"19/02/2000",
"LTPT18110269_0dob.jpg":"Công nghệ thông tin",
"LTPT18110269_0major.jpg":"2018",
"LTPT18110269_0year_entry.jpg":"9704 1800 9363 3766",
"LTPT18110318_0id.jpg":"Phạm Nhật",
"LTPT18110318_0name.jpg":"28/08/2000",
"LTPT18110318_0dob.jpg":"Công nghệ thông tín",
"LTPT18110318_0major.jpg":"2018",
"LTPT18110318_0year_entry.jpg":"9704 1800",
"LTPT18110325_0id.jpg":"Đặng Văn Nghĩa",
"LTPT18110325_0name.jpg":"06/06/2000",
"LTPT18110325_0dob.jpg":"Công nghệ thông tin",
"LTPT18110325_0major.jpg":"2018",
"LTPT18110356_0id.jpg":"Lê Hửu Tâm",
"LTPT18110356_0name.jpg":"25/07/2000",
"LTPT18110356_0dob.jpg":"Công nghệ thông tin",
"LTPT18110365_0id.jpg":"Thòng Chủ Thành",
"LTPT18110365_0name.jpg":"12/11/2000",
"LTPT18110365_0major.jpg":"2018",
"LTPT18124022_0id.jpg":"VÕ THỊ MỸ DUYÊN",
"LTPT18124022_0name.jpg":"10/09/2000",
"LTPT18124022_0dob.jpg":"Quản lý công nghiệp",
"LTPT18124022_0major.jpg":"2018 - 2022",
"LTPT18125178_0id.jpg":"Nguyễn Thị Như Ý",
"LTPT18125178_0name.jpg":"21/12/2000",
"LTPT18125178_0dob.jpg":"Kế toán",
"LTPT18125178_0major.jpg":"2018",
"LTPT18125178_0year_entry.jpg":"9704 1800 9364 9978",
"LTPT18132057_0id.jpg":"Trương Thị Hiền Thanh",
"LTPT18132057_0name.jpg":"24/04/2000",
"LTPT18132057_0dob.jpg":"Logistics và QL chuỗi CƯ",
"LTPT18144136_0id.jpg":"Nguyễn Chí Thành Luân",
"LTPT18144136_0name.jpg":"14/01/2000",
"LTPT18144136_0dob.jpg":"Công nghệ KT cơ khí",
"LTPT18144136_0major.jpg":"2018",
"LTPT18144136_0year_entry.jpg":"9704 1800 9363 6520",
"LTPT18147132_0id.jpg":"Nguyễn Tân Tài",
"LTPT18147132_0name.jpg":"18/03/2000",
"LTPT18147132_0dob.jpg":"Công nghệ kỹ thuật nhiệt",
"LTPT18147132_0major.jpg":"2018",
"LTPT18147147_0id.jpg":"Nguyễn Thanh Tiến",
"LTPT18147147_0name.jpg":"05/02/2000",
"LTPT18147147_0dob.jpg":"Công nghệ kỹ thuật nhiệt",
"LTPT18147147_0major.jpg":"2018",
"LTPT18147147_0year_entry.jpg":"9704 1800 9367 4000",
"LTPT18147154_0id.jpg":"Lưu Đan Trường",
"LTPT18147154_0name.jpg":"22/03/2000",
"LTPT18147154_0dob.jpg":"Công nghệ kỹ thuật nhiệt",
"LTPT18147154_0major.jpg":"2018",
"LTPT19116184_0id.jpg":"NGUYỄN THỊ LINH",
"LTPT19116184_0dob.jpg":"Công nghệ thực phẩm",
"LTPT19116184_0major.jpg":"2019 - 2023",
"LTPT19116225_0name.jpg":"16/11/2001",
"LTPT19116225_0dob.jpg":"Công nghệ thực phẩm",
"LTPT19116225_0major.jpg":"2019-2023",
"LTPT19143344_0id.jpg":"VÕ TRỌNG TIẾN",
"LTPT19143344_0name.jpg":"05/08/2001",
"LTPT19143344_0dob.jpg":"Công nghệ chế tạo máy",
"LTPT19143344_0major.jpg":"2019 - 2023",
"LTPT20158017_0id.jpg":"NGUYỄN NGỌC HÂN",
"LTPT20158017_0name.jpg":"17/07/2002",
"LTPT20158017_0dob.jpg":"Thiết kế đồ họa",
"NTMH17950019_0id.jpg":"NGUYÊN THỊ TRÀ MY",
"NTMH17950019_0name.jpg":"06/12/1997",
"NTMH17950019_0major.jpg":"2017",
"NTMH18110360_0id.jpg":"LÊ ĐỨC TÂN",
"NTMH18110360_0dob.jpg":"Công nghệ thông tin",
"NTMH18110360_0major.jpg":"2018 - 2022",
"NTMH18110360_0year_entry.jpg":"9704 1801 0516 5336",
"NTMH18110377_0name.jpg":"ễn Huỳnh Minh Tiến",
"NTMH18110402_0name.jpg":"0/08/2000",
"NTMH18110402_0dob.jpg":"ông nghệ thông tin",
"NTMH18110402_0major.jpg":"9364 0852",
"NTMH18116154_0id.jpg":"Lê Thị Bích Dân",
"NTMH18116154_0name.jpg":"10/08/2000",
"NTMH18116154_0dob.jpg":"Công nghệ thực phẩm",
"NTMH18116154_0year_entry.jpg":"9704 1800 9364 3864",
"NTMH18116165_0id.jpg":"Võ Nguyễn Gia Hân",
"NTMH18116165_0name.jpg":"02/01/2000",
"NTMH18116165_0dob.jpg":"Công nghệ thực phẩm",
"NTMH18116165_0major.jpg":"2018",
"NTMH18116165_0year_entry.jpg":"9704 1800 9364 3682",
"NTMH18116171_0id.jpg":"Phạm Thị Hồng",
"NTMH18116171_0name.jpg":"09/04/1999",
"NTMH18116171_0dob.jpg":"Công nghệ thực phẩm",
"NTMH18950003_0id.jpg":"Phạm Thị A Chỉ",
"NTMH18950003_0name.jpg":"31/07/2000",
"NTMH18950003_0dob.jpg":"Sư phạm Tiếng Anh",
"NTMH18950003_0major.jpg":"2018",
"KGB20132143_048.jpg":"HCMUTE",
"KGB20132143_054.jpg":"Technology and Education",
"LTPT17141257_030.jpg":"HCMC University",
"LTPT17141257_032.jpg":"KỸ THUẬT TP",
"LTPT18110248_011.jpg":"Information Technology",
"LTPT18110248_014.jpg":"Công Nghệ Thông Tin",
"LTPT18110248_022.jpg":"NGUYÊN VIỆT ANH",
"LTPT18110248_029.jpg":"ĐẠI HỌC",
"LTPT18110250_011.jpg":"Information Technology",
"LTPT18110250_013.jpg":"Công nghệ thông tin",
"LTPT18110250_021.jpg":"Dương Trung Bảo",
"LTPT18110250_026.jpg":"HCMUTE",
"LTPT18110250_030.jpg":"MINISTRY OF EDUCATION AND",
"LTPT18110269_012.jpg":"Information Technology",
"LTPT18110269_014.jpg":"Công nghệ thông tin",
"LTPT18110318_06.jpg":"1800 9364",
"LTPT18110318_013.jpg":"Information Technology",
"LTPT18110318_016.jpg":"Công nghệ thông ti",
"LTPT18110318_024.jpg":"Phạm Nhật M",
"LTPT18110325_025.jpg":"Công nghệ",
"LTPT18110325_033.jpg":"Đặng Văn Nghĩa",
"LTPT18110325_035.jpg":"HCMUTE",
"LTPT18110345_018.jpg":"Information Technology",
"LTPT18110345_021.jpg":"Công nghệ thông tin",
"LTPT18110345_029.jpg":"Nguyễn Anh Quốc",
"LTPT18110345_031.jpg":"HCMUTE",
"LTPT18110356_017.jpg":"Information Technology",
"LTPT18110356_020.jpg":"Công nghệ thông tin",
"LTPT18110356_027.jpg":"Lê Hửu Tâm",
"LTPT18110365_010.jpg":"Công nghệ thông tin",
"LTPT18110365_017.jpg":"Thòng Chủ Thành",
"LTPT18110365_020.jpg":"HCMUTE",
"LTPT18110365_022.jpg":"BIDV",
"LTPT18110365_024.jpg":"iversity of Technology and Education ",
"LTPT18110365_027.jpg":"HỌC SƯ PHẠM",
"LTPT18110366_07.jpg":"Information Technolooy",
"LTPT18110366_09.jpg":"Công Nghệ Thông Tin",
"LTPT18110366_016.jpg":"LÊ THỊ PHƯƠNG THẢO",
"LTPT18116164_014.jpg":"Food Technology",
"LTPT18116164_018.jpg":"Công nghệ thực phẩm",
"LTPT18116164_027.jpg":"Lê Thị Hạnh",
"LTPT18124022_022.jpg":"VÕ THỊ MỸ DUYÊN",
"LTPT18124022_024.jpg":"HCMUTE",
"LTPT18125178_07.jpg":"1800 9364 9978",
"LTPT18125178_017.jpg":"Kế toán",
"LTPT18125178_011.jpg":"9978",
"LTPT18125178_012.jpg":"64 99",
"LTPT18125178_013.jpg":"800 93",
"LTPT18125178_014.jpg":"4 9978",
"LTPT18125178_015.jpg":"364 997",
"LTPT18125178_016.jpg":"800 9",
"LTPT18125178_018.jpg":"0 9364 9978",
"LTPT18125178_025.jpg":"Nguyễn Thị Như Ý",
"LTPT18125178_027.jpg":"HCMUTE",
"LTPT18125178_037.jpg":"TRƯỜNG",
"LTPT18144136_015.jpg":"Mechanical Engineering Technology",
"LTPT18144136_020.jpg":"Công nghệ KT cơ khí",
"LTPT18144136_027.jpg":"Nguyễn Chí Thành Luân",
"LTPT18147132_022.jpg":"Nguyên",
"LTPT18147132_030.jpg":"BIDV",
"LTPT18147132_033.jpg":"SƯ PHAM KỸ THUẬT TP HC",
"LTPT18147147_05.jpg":"4000",
"LTPT18147147_020.jpg":"nhiệt",
"LTPT18147147_021.jpg":"Công nghệ kỹ thu",
"LTPT18147147_031.jpg":"Thanh",
"LTPT18147147_032.jpg":"Tiến",
"LTPT18147154_012.jpg":"Thermal Engineering Technology",
"LTPT18147154_015.jpg":"Công nghệ kỹ thuật nhiệt",
"LTPT18147154_021.jpg":"Trường",
"LTPT18147154_022.jpg":"Lưu Đan",
"LTPT19116184_016.jpg":"Food Technology",
"LTPT19116184_022.jpg":"Công nghệ thực phẩm",
"LTPT19116184_033.jpg":"NGUYỄN THỊ LINH",
"LTPT19116184_036.jpg":"HCMUTE",
"LTPT19116225_019.jpg":"NGUYỄN HOÀNG ANH TRANG",
"LTPT19116225_020.jpg":"HCMUTE",
"LTPT19116225_023.jpg":"BIDV",
"LTPT19143344_012.jpg":"Machine Manufacturing Technology",
"LTPT19143344_014.jpg":"Công nghệ chế tạo máy",
"LTPT19143344_018.jpg":"VÕ TRỌNG TIẾN",
"LTPT19143344_025.jpg":"PHAM KỸ THU",
"LTPT19151036_029.jpg":"Công nghệ",
"LTPT19151036_044.jpg":"VŨ THANH BÌNH",
"LTPT19151036_051.jpg":"BIDV",
"LTPT19158160_015.jpg":"Printing Engineering Technology",
"LTPT19158160_017.jpg":"Công nghệ kỹ thuật In",
"LTPT19158160_022.jpg":"VÕ THỊ HUỲNH TRÂM",
"LTPT19158160_030.jpg":"TRƯỜNG ĐẠI HỌC",
"LTPT20104009_022.jpg":"Kỹ thuật công nghiệp",
"LTPT20104009_029.jpg":"09/11/2002",
"LTPT20104009_028.jpg":"09/11/200",
"LTPT20104009_027.jpg":"09/11",
"LTPT20104009_035.jpg":"ĐÀO THỊ CẨM TÚ",
"LTPT20104009_039.jpg":"BIDV",
"LTPT20104009_041.jpg":"HCMUTE",
"LTPT20104009_049.jpg":"TRƯỜNG",
"LTPT20129066_043.jpg":"Kỹ thuật y sinh",
"LTPT20129066_047.jpg":"28/08/2002",
"LTPT20129066_048.jpg":"08/2002",
"LTPT20129066_049.jpg":"08/200",
"LTPT20129066_050.jpg":"08/2",
"LTPT20129066_051.jpg":"8/2002",
"LTPT20129066_052.jpg":"002",
"LTPT20129066_057.jpg":"BIDV",
"LTPT20136054_024.jpg":"07/06/2002",
"LTPT20136054_025.jpg":"07/06",
"LTPT20136054_026.jpg":"7/06/2002",
"LTPT20136054_027.jpg":"07/06/2",
"LTPT20136054_028.jpg":"TRẦN TUẤN ANH",
"LTPT20136054_030.jpg":"Student ID C",
"LTPT20136054_031.jpg":"HCMUTE",
"LTPT20136054_033.jpg":"BIDV",
"LTPT20136079_017.jpg":"Kinh doanh quốc tế",
"LTPT20136079_024.jpg":"LÊ GIA HOÀNG",
"LTPT20136079_029.jpg":"BIDV",
"LTPT20136079_036.jpg":"SƯ PHAM KỸ THUẬT TP",
"LTPT20158017_012.jpg":"Graphics Design",
"LTPT20158017_015.jpg":"Thiết kế đồ họa",
"LTPT20158017_021.jpg":"NGUYỄN NGỌC HÂN",
"NTMH17950019_031.jpg":"NGUYÊN THỊ TRÀ MY",
"NTMH18110285_013.jpg":"Information Technology",
"NTMH18110285_015.jpg":"Công nghệ thông tin",
"NTMH18110285_021.jpg":"Nguyễn Thị Minh Hoàng",
"NTMH18110285_028.jpg":"TRƯỜNG ĐẠI HỌC",
"NTMH18110360_024.jpg":"LÊ ĐỨC TÂN",
"NTMH18110360_026.jpg":"HCMUTE",
"NTMH18110377_019.jpg":"09/09/2000",
"NTMH18110377_020.jpg":"09/09",
"NTMH18110377_024.jpg":"0/09/20",
"NTMH18110377_022.jpg":"Nguyễn Huỳnh Minh Tiến",
"NTMH18110377_028.jpg":"BIDV",
"NTMH18110377_031.jpg":"KỸ THUẬT TPHCM",
"NTMH18110402_001.jpg":"1800 9364",
"NTMH18110402_002.jpg":"9704",
"NTMH18110402_003.jpg":"364 08",
"NTMH18110402_004.jpg":"64 0852",
"NTMH18110402_005.jpg":"364 0",
"NTMH18110402_006.jpg":"800 936",
"NTMH18110402_007.jpg":"4 085",
"NTMH18110402_012.jpg":"9704 1800 9364 0852",
"NTMH18110402_013.jpg":"9364 0852",
"NTMH18110402_015.jpg":"Information Technology",
"NTMH18110402_021.jpg":"BIDV",
"NTMH18110402_025.jpg":"SƯ PHẠM",
"NTMH18116154_09.jpg":"Food Technology",
"NTMH18116154_012.jpg":"Công nghệ thực phẩm",
"NTMH18116154_020.jpg":"Lê Thị Bích Dân",
"NTMH18116154_032.jpg":"AND TRAINING",
"NTMH18116165_021.jpg":"Food Technology",
"NTMH18116165_025.jpg":"Công nghệ thực phảm",
"NTMH18116165_032.jpg":"Võ Nguyễn Gia Hân",
"NTMH18116165_034.jpg":"HCMUTE",
"NTMH18116171_014.jpg":"Food Technology",
"NTMH18116171_018.jpg":"Công nghệ thực phẩm",
"NTMH18116171_028.jpg":"Phạm Thị Hồng",
"NTMH18116171_034.jpg":"CMC University of Techno",
"NTMH18125036_012.jpg":"Accounting",
"NTMH18125036_015.jpg":"Kế toán",
"NTMH18125036_023.jpg":"Trần Nguyễn Nhật Linh",
"NTMH18142197_011.jpg":"Electrical and Electronios Engineering Technology",
"NTMH18142197_019.jpg":"Đoàn Tấn Sang",
"NTMH18142197_026.jpg":"BIDV",
"NTMH18950003_012.jpg":"Teaching English to Speakers of Other Languages",
"NTMH18950003_016.jpg":"Sư phạm Tiếng Anh",
"NTMH18950003_024.jpg":"Phạm Thị A Chi",
"NTMH191132128_016.jpg":"Logistics và quản lý chuỗi cung ứng",
"NTMH191132128_023.jpg":"ĐỖ THỊ QUỲNH NHƯ",
"NTMH191132128_035.jpg":"KỸ THUẬT",
"NTMH19137025_019.jpg":"Textile Materials Technology",
"NTMH19137025_024.jpg":"Công nghệ vật liệu dệt may",
"NTMH19137025_040.jpg":"HUỲNH THỊ THANH",
"NTMH19137025_044.jpg":"HCMUTE",
"NTMH19950001_013.jpg":"Teaching English to Speakers of Other",
"NTMH19950001_019.jpg":"Sư phạm Tiếng Anh",
"NTMH19950001_027.jpg":"CHÂU NGỌC MINH",
"NTMH19950001_031.jpg":"BIDV",
"NTMH19950001_032.jpg":"HCMUTE",
"NTMH19950008_039.jpg":"Sư phạm Tiếng Anh",
"NTMH19950008_053.jpg":"NGUYỄN THỊ NGỌC DIỄM",
"NTMH19950008_058.jpg":"BIVV",
"NTMH19950008_063.jpg":"SƯ PHẠM KỸ",
"NTMH19950008_064.jpg":"HCMUTE",
"NTMH20146406_015.jpg":"Công nghệ kỹ thuật cơ điện tử",
"TTT17130047_013.jpg":"BIDV",
"TTT17130047_018.jpg":"MINISTRY OF EDUCATION AND",
"TTT17147131_021.jpg":"BIDV",
"TTT17147131_024.jpg":"HCMC University of Tech",
"TTT17147153_017.jpg":"Công nghệ kỹ thuật nhiệt",
"TTT17147158_014.jpg":"Công nghệ kỹ thuật nhiệt",
"TTT17147158_021.jpg":"PHAN TUẤN LỘC",
"TTT17147158_023.jpg":"HCMUTE",
"TTT17147158_025.jpg":"BIDV",
"TTT17147167_020.jpg":"BIDV",
"TTT17147178_017.jpg":"BIDV",
"TTT17147178_025.jpg":"TRƯỜNG ĐẠI HỌC SƯ PHẠM KỸ TH",
"TTT18104035_06.jpg":"1800 9363 8567",
"TTT18104035_07.jpg":"1800",
"TTT18104035_08.jpg":"9363",
"TTT18104035_09.jpg":"63 85",
"TTT18104035_10.jpg":"363 8567",
"TTT18104035_11.jpg":"3 8567",
"TTT18104035_018.jpg":"Kỹ thuật công nghiệp",
"TTT18104035_028.jpg":"Nguyễn Trằn Như Ngọc",
"TTT18104035_033.jpg":"BIDV",
"TTT18104045_023.jpg":"Kỹ thuật công nghiệp",
"TTT18104045_030.jpg":"Trần Thị Yến Thơ",
"TTT18109106_012.jpg":"1800 9363 9144",
"TTT18109106_013.jpg":"3 9144",
"TTT18109106_014.jpg":"363 914",
"TTT18109106_015.jpg":"9363 9144",
"TTT18109106_023.jpg":"Garment Technology",
"TTT18109106_029.jpg":"Công nghệ may",
"TTT18109106_044.jpg":"Tôn Nữ Ngọc Ánh",
"TTT18109120_011.jpg":"Garment Technology",
"TTT18109120_018.jpg":"Công nghệ may",
"TTT18109120_028.jpg":"Nguyễn Thị Lệ Huyền",
"TTT18109133_016.jpg":"Công nghệ may",
"TTT18109133_021.jpg":"02/12/2000",
"TTT18109133_022.jpg":"02/12/20",
"TTT18109133_023.jpg":"12/2000",
"TTT18109144_028.jpg":"Lê Thị Phương",
"TTT18109160_013.jpg":"Công nghệ may",
"TTT18109160_023.jpg":"Nguyễn Minh Thư",
"TTT18109160_025.jpg":"HCMUTE",
"TTT18109160_027.jpg":"BIDV",
"TTT18109180_05.jpg":"9704 1800 9363 3576",
"TTT18109180_06.jpg":"9704 1800",
"TTT18109180_07.jpg":"9704 1",
"TTT18109180_001.jpg":"3 3576",
"TTT18109180_002.jpg":"9363 3576",
"TTT18109180_003.jpg":"9363 357",
"TTT18109180_004.jpg":"800 9363 3",
"TTT18109180_005.jpg":"0 9363 35",
"TTT18109180_006.jpg":"04 1800 9363 35",
"TTT18109180_007.jpg":"704 180",
"TTT18109180_09.jpg":"9704 18",
"TTT18109180_08.jpg":"Garment Technology",
"TTT18109180_017.jpg":"Đặng Nguyễn Minh Châu",
"TTT18110292_036.jpg":"2018",
"TTT18110317_011.jpg":"2018",
"TTT18110317_013.jpg":"Information Technology",
"TTT18110317_014.jpg":"Công nghệ thông tin",
"TTT18110317_024.jpg":"Mai Văn Lượng",
"TTT18110317_030.jpg":"HCMUTE",
"TTT18110317_040.jpg":"TRƯỜNG ĐẠI",
"TTT18110357_015.jpg":"Information Technology",
"TTT18110357_019.jpg":"Công nghệ thông tin",
"TTT18110357_027.jpg":"Lương Hữu Tâm",
"TTT18110370_04.jpg":"9704 1800 9364 1611",
"TTT18110370_001.jpg":"9364 1611",
"TTT18110370_002.jpg":"4 1800 9364 16",
"TTT18110370_003.jpg":"04 1800 9364 1611",
"TTT18110370_010.jpg":"Information Technology",
"TTT18110370_013.jpg":"Công nghệ thông tin",
"TTT18110370_022.jpg":"Ngô Đồng Thiện",
"TTT18128023_09.jpg":"13/04/2000",
"TTT18128023_010.jpg":"13/04/20",
"TTT18128023_011.jpg":"13/04/2",
"TTT18128023_013.jpg":"BIDV",
"TTT18128023_014.jpg":"3/04/2000",
"CHS17110301_0id.jpg":"ĐOÀN QUỐC HUY",
"CHS17110301_0name.jpg":"02/10/1999",
"CHS17110301_0dob.jpg":"Công nghệ Thông Tin",
"CHS17110301_0major.jpg":"2017",
"CHS17110392_0dob.jpg":"5/03/1999",
"CHS17133009_0name.jpg":"NGUYÊN NGỌC DƯƠNG",
"CHS17133009_0major.jpg":"2017",
"CHS18104004_0id.jpg":"Đoàn Thị Câm Duyên",
"CHS18104004_0name.jpg":"23/10/2000",
"CHS18104004_0dob.jpg":"Kỹ thuật công nghiệp",
"CHS18104005_0dob.jpg":"Kỹ thuật công nghiệp",
"CHS18104057_0id.jpg":"Nguyễn Văn Trong",
"CHS18104057_0name.jpg":"18/06/2000",
"CHS18104057_0dob.jpg":"Kỹ thuật công nghiệp",
"CHS18104061_0name.jpg":"NGUYÊN HUỲNH THẢO VY",
"CHS18110257_0id.jpg":"Nguyễn Võ Chinh",
"CHS18110257_0name.jpg":"30/09/2000",
"NTMH19950001_0id.jpg":"CHÂU NGỌC MINH"}